<?xml version="1.0" encoding="UTF-8"?>
<project-private xmlns="http://www.netbeans.org/ns/project-private/1">
    <editor-bookmarks xmlns="http://www.netbeans.org/ns/editor-bookmarks/2" lastBookmarkId="0"/>
    <open-files xmlns="http://www.netbeans.org/ns/projectui-open-files/2">
        <group>
            <file>file:/Users/melissapereira/NetBeansProjects/Projeto%20POO/src/projeto/poo/Parque.java</file>
            <file>file:/Users/melissapereira/NetBeansProjects/Projeto%20POO/src/projeto/poo/Horario.java</file>
            <file>file:/Users/melissapereira/NetBeansProjects/Projeto%20POO/src/projeto/poo/Bar.java</file>
            <file>file:/Users/melissapereira/NetBeansProjects/Projeto%20POO/src/projeto/poo/Local.java</file>
            <file>file:/Users/melissapereira/NetBeansProjects/Projeto%20POO/src/projeto/poo/Museu.java</file>
            <file>file:/Users/melissapereira/NetBeansProjects/Projeto%20POO/src/projeto/poo/ProjetoPOO.java</file>
            <file>file:/Users/melissapereira/NetBeansProjects/Projeto%20POO/src/projeto/poo/Pdi.java</file>
            <file>file:/Users/melissapereira/NetBeansProjects/Projeto%20POO/src/projeto/poo/Universidade.java</file>
        </group>
    </open-files>
</project-private>
